{
  "ID": "dc6232d2-42dc-4a98-abbe-2ec393c65cc7",
  "Version": "3.10.0.0",
  "Name": "gmb",
  "Content": {
    "Content": {
      "Animation": {
        "Duration": 0,
        "Speed": 1.0,
        "Timelines": [],
        "ctype": "TimelineActionData"
      },
      "AnimationList": [],
      "ObjectData": {
        "Children": [
          {
            "ClipAble": false,
            "ComboBoxIndex": 1,
            "SingleColor": {
              "R": 127,
              "G": 127,
              "B": 127
            },
            "FirstColor": {
              "R": 150,
              "G": 200
            },
            "EndColor": {},
            "ColorVector": {
              "ScaleY": 1.0
            },
            "Scale9Width": 1,
            "Scale9Height": 1,
            "TouchEnable": true,
            "AnchorPoint": {},
            "Position": {
              "X": 0.0,
              "Y": 0.0
            },
            "Scale": {
              "ScaleX": 1.0,
              "ScaleY": 1.0
            },
            "CColor": {},
            "IconVisible": false,
            "PrePosition": {
              "X": 0.0,
              "Y": 0.0
            },
            "PercentWidthEnable": true,
            "PercentHeightEnable": true,
            "PercentWidthEnabled": true,
            "PercentHeightEnabled": true,
            "PreSize": {
              "X": 1.0,
              "Y": 1.0
            },
            "Tag": 27,
            "ActionTag": -134542216,
            "Size": {
              "X": 320.0,
              "Y": 480.0
            },
            "Name": "bg",
            "ctype": "PanelObjectData"
          },
          {
            "FontSize": 48,
            "ButtonText": "B",
            "TextColor": {},
            "NormalFileData": {
              "Type": "Normal",
              "Path": "@B/B.png",
              "Plist": ""
            },
            "Scale9Enable": true,
            "Scale9OriginX": 15,
            "Scale9OriginY": 11,
            "Scale9Width": 40,
            "Scale9Height": 49,
            "OutlineColor": {
              "G": 0,
              "B": 0
            },
            "ShadowColor": {
              "R": 110,
              "G": 110,
              "B": 110
            },
            "ShadowOffsetX": 2.0,
            "ShadowOffsetY": -2.0,
            "TouchEnable": true,
            "AnchorPoint": {
              "ScaleX": 0.5,
              "ScaleY": 0.5
            },
            "Position": {
              "X": 159.295,
              "Y": 405.6198
            },
            "Scale": {
              "ScaleX": 1.0,
              "ScaleY": 1.0
            },
            "CColor": {},
            "IconVisible": false,
            "PrePosition": {
              "X": 0.4978,
              "Y": 0.845
            },
            "PreSize": {
              "X": 0.2188,
              "Y": 0.1479
            },
            "LeftMargin": 124.295,
            "RightMargin": 125.705,
            "TopMargin": 38.8802,
            "BottomMargin": 370.1198,
            "Tag": 28,
            "ActionTag": -1299024194,
            "Size": {
              "X": 70.0,
              "Y": 71.0
            },
            "Name": "back",
            "ctype": "ButtonObjectData"
          }
        ],
        "Size": {
          "X": 320.0,
          "Y": 480.0
        },
        "Name": "Scene",
        "ctype": "SingleNodeObjectData"
      },
      "UsedResources": [
        "@B/B.png"
      ],
      "ctype": "GameFileData"
    }
  },
  "Type": "Scene"
}